,Capital Expenditure or Capex for a single year is calculated as Purchase of Fixed Asset current,
,year - Sale of Fixed Asset current year taken from Cash Flow from Investing Activities.,
,Change in Non- Cash Working Capital is calculated as:,
,Step 1: Calculate Working Capital for the current year: Working Capital =Current Asset-Current,
,Liability,
,Step 2: Calculate Non-Cash Net Working Capital for the current year: Current Assets – Cash,
,and Bank Balance – Current Liabilities,
,Step 3: In a similar way calculate Working Capital for the previous year,
,Step 4: Calculate change in Non-Cash Working Capital as: Non-Cash Working Capital for the,
,current year- Non-Cash Working Capital for the previous year,
,"Step 5: If change in Non-Cash Working Capital is positive, it means an increase in the working",
,capital requirement of a firm and hence is reduced to derive at free cash flow to a firm.,
